City_ID,City,Lat,Lng,Max Temp,Humidity,Cloudiness,Wind Speed,Country,Date
0,Mayskiy,47.6931,40.1025,78.44,74,1,1.43,RU,2021-07-30 23:11:41
1,Lebu,-37.6167,-73.65,50.07,92,99,14.25,CL,2021-07-30 23:11:41
2,Provideniya,64.3833,-173.3,47.21,94,100,4.76,RU,2021-07-30 23:11:41
3,Biak,-0.9131,122.8766,76.23,84,65,4.7,ID,2021-07-30 23:07:46
4,Punta Arenas,-53.15,-70.9167,37.11,75,40,10.36,CL,2021-07-30 23:08:56
5,Hilo,19.7297,-155.09,83.12,74,90,10.36,US,2021-07-30 23:06:48
6,Ushuaia,-54.8,-68.3,37.06,65,40,13.8,AR,2021-07-30 23:08:23
7,Butaritari,3.0707,172.7902,81.23,76,96,8.32,KI,2021-07-30 23:11:42
8,Port Alfred,-33.5906,26.891,57.88,73,24,6.35,ZA,2021-07-30 23:11:42
9,Saint George,37.1041,-113.5841,99.07,29,1,6.91,US,2021-07-30 23:11:42
10,Suamico,44.6319,-88.0393,77.13,58,1,3.44,US,2021-07-30 23:11:42
11,Gold Coast,-28.0,153.4333,66.18,67,40,1.99,AU,2021-07-30 23:11:43
12,Severo-Kurilsk,50.6789,156.125,55.94,93,99,14.63,RU,2021-07-30 23:09:37
13,Vaini,-21.2,-175.2,71.76,94,90,10.36,TO,2021-07-30 23:11:43
14,Lensk,60.7253,114.9278,65.14,42,7,4.54,RU,2021-07-30 23:11:43
15,Kodiak,57.79,-152.4072,54.91,76,90,3.44,US,2021-07-30 23:06:58
16,Rikitea,-23.1203,-134.9692,71.98,76,84,10.78,PF,2021-07-30 23:11:44
17,Vanimo,-2.6741,141.3028,81.23,77,41,2.84,PG,2021-07-30 23:11:44
18,Suluova,40.8313,35.6479,60.66,77,0,4.61,TR,2021-07-30 23:11:44
19,Geraldton,-28.7667,114.6,56.12,71,40,12.66,AU,2021-07-30 23:08:20
20,Qaanaaq,77.484,-69.3632,41.85,90,99,0.72,GL,2021-07-30 23:11:45
21,Erdenet,49.0333,104.0833,52.07,87,12,4.03,MN,2021-07-30 23:10:10
22,New Norfolk,-42.7826,147.0587,54.9,77,85,1.01,AU,2021-07-30 23:11:45
23,Hofn,64.2539,-15.2082,50.25,85,13,7.07,IS,2021-07-30 23:11:45
24,Filadelfia,39.9523,-75.1638,84.0,43,20,3.0,US,2021-07-30 23:07:13
25,Upernavik,72.7868,-56.1549,40.73,86,70,14.03,GL,2021-07-30 23:08:50
26,Ribeira Grande,38.5167,-28.7,71.38,85,13,6.82,PT,2021-07-30 23:11:46
27,Sechura,-5.5569,-80.8222,72.54,66,72,16.2,PE,2021-07-30 23:11:46
28,Albany,42.6001,-73.9662,71.46,54,20,4.0,US,2021-07-30 23:10:28
29,Mataura,-46.1927,168.8643,49.48,99,100,1.74,NZ,2021-07-30 23:11:46
30,Saint-Philippe,-21.3585,55.7679,67.59,74,80,14.52,RE,2021-07-30 23:08:20
31,Yulara,-25.2406,130.9889,61.21,47,1,6.58,AU,2021-07-30 23:11:47
32,Rio Grande,-32.035,-52.0986,46.94,69,0,8.84,BR,2021-07-30 23:10:06
33,Bethel,41.3712,-73.414,77.58,54,20,1.99,US,2021-07-30 23:11:47
34,Grand Gaube,-20.0064,57.6608,66.38,71,55,5.01,MU,2021-07-30 23:08:26
35,Bethanien,-26.502,17.1583,54.36,27,0,6.38,NA,2021-07-30 23:11:47
36,Cabo San Lucas,22.8909,-109.9124,95.61,66,1,4.0,MX,2021-07-30 23:07:51
37,Scarborough,54.2797,-0.4044,58.91,92,94,1.01,GB,2021-07-30 23:11:48
38,Port Elizabeth,-33.918,25.5701,55.09,77,5,7.45,ZA,2021-07-30 23:08:59
39,Nola,40.922,14.5329,84.27,47,0,0.87,IT,2021-07-30 23:11:48
40,Svetlaya,46.5389,138.3297,65.35,97,100,12.17,RU,2021-07-30 23:11:48
41,Ridgecrest,35.6225,-117.6709,102.06,20,75,4.0,US,2021-07-30 23:10:11
42,Bluff,-46.6,168.3333,49.8,90,100,8.99,NZ,2021-07-30 23:11:49
43,Usvyaty,55.7456,30.7533,62.49,69,58,7.87,RU,2021-07-30 23:11:49
44,Leningradskiy,69.3833,178.4167,33.31,98,100,19.95,RU,2021-07-30 23:11:49
45,San Cristobal,7.7669,-72.225,80.78,95,53,4.59,VE,2021-07-30 23:09:38
46,Atuona,-9.8,-139.0333,77.18,75,34,15.52,PF,2021-07-30 23:07:02
47,Torres,-29.3353,-49.7269,46.83,76,0,2.17,BR,2021-07-30 23:11:50
48,Lago Da Pedra,-4.3333,-45.1667,75.18,88,59,2.19,BR,2021-07-30 23:11:50
49,Paamiut,61.994,-49.6678,45.57,86,100,6.4,GL,2021-07-30 23:08:51
50,Mar Del Plata,-38.0023,-57.5575,54.88,57,0,5.99,AR,2021-07-30 23:08:00
51,Bambous Virieux,-20.3428,57.7575,66.22,63,53,16.6,MU,2021-07-30 23:08:17
52,Kirkwall,58.9848,-2.9587,53.94,76,90,11.5,GB,2021-07-30 23:11:51
53,Chokurdakh,70.6333,147.9167,62.76,42,100,14.65,RU,2021-07-30 23:11:51
54,Saint-Pierre,-21.3393,55.4781,67.68,78,40,19.57,RE,2021-07-30 23:11:51
55,Esperance,-33.8667,121.9,45.34,86,64,14.74,AU,2021-07-30 23:11:51
56,Narsaq,60.9167,-46.05,61.02,65,100,4.81,GL,2021-07-30 23:07:42
57,Namatanai,-3.6667,152.4333,82.67,74,94,3.87,PG,2021-07-30 23:11:52
58,Georgiyevka,43.0369,74.7114,62.64,63,0,8.95,KZ,2021-07-30 23:11:52
59,Pedernales,18.0384,-71.744,86.07,65,18,14.2,DO,2021-07-30 23:11:52
60,Mayo,38.8876,-76.5119,88.56,47,1,8.01,US,2021-07-30 23:11:53
61,Covasint,46.2,21.6,69.67,42,3,4.45,RO,2021-07-30 23:11:53
62,Clyde River,70.4692,-68.5914,38.59,86,39,7.18,CA,2021-07-30 23:11:53
63,Elko,41.0002,-115.5012,89.64,18,93,5.99,US,2021-07-30 23:11:53
64,Castro,-24.7911,-50.0119,39.42,70,98,5.53,BR,2021-07-30 23:11:54
65,Walvis Bay,-22.9575,14.5053,73.06,20,0,13.71,NA,2021-07-30 23:11:54
66,Ust-Nera,64.5667,143.2,57.22,49,27,2.06,RU,2021-07-30 23:11:55
67,Kapaa,22.0752,-159.319,88.12,67,90,4.0,US,2021-07-30 23:11:55
68,Kavaratti,10.5669,72.642,82.17,78,100,15.66,IN,2021-07-30 23:11:55
69,Ketchikan,55.3422,-131.6461,77.47,50,1,3.44,US,2021-07-30 23:11:55
70,Churapcha,62.0025,132.4325,66.78,37,16,3.0,RU,2021-07-30 23:11:56
71,Aktash,50.3,87.7333,41.94,93,100,3.02,RU,2021-07-30 23:11:56
72,Akyab,20.15,92.9,80.58,88,96,11.03,MM,2021-07-30 23:11:56
73,Dingle,10.9995,122.6711,81.12,85,99,8.16,PH,2021-07-30 23:11:56
74,Conceicao Do Araguaia,-8.2578,-49.2647,80.47,31,79,4.32,BR,2021-07-30 23:11:57
75,Puerto Ayora,-0.7393,-90.3518,69.55,97,68,1.99,EC,2021-07-30 23:11:57
76,Barrow,71.2906,-156.7887,51.82,87,90,9.22,US,2021-07-30 23:11:57
77,Wanlaweyn,2.6185,44.8938,72.55,80,100,14.43,SO,2021-07-30 23:11:58
78,Busselton,-33.65,115.3333,42.04,73,96,11.52,AU,2021-07-30 23:11:58
79,Mlonggo,-6.5333,110.7,76.89,81,4,5.79,ID,2021-07-30 23:07:48
80,Hobyo,5.3505,48.5268,76.39,77,100,24.09,SO,2021-07-30 23:09:16
81,Ostrovnoy,68.0531,39.5131,44.4,94,99,7.9,RU,2021-07-30 23:11:58
82,Faanui,-16.4833,-151.75,77.61,73,70,17.45,PF,2021-07-30 23:11:58
83,Tuktoyaktuk,69.4541,-133.0374,54.55,83,98,9.04,CA,2021-07-30 23:11:59
84,Hermanus,-34.4187,19.2345,52.9,84,0,2.64,ZA,2021-07-30 23:11:59
85,Myitkyina,25.3833,97.4,74.66,99,100,0.25,MM,2021-07-30 23:11:59
86,Khatanga,71.9667,102.5,76.37,45,23,12.5,RU,2021-07-30 23:12:00
87,Wahiawa,21.5028,-158.0236,86.32,59,75,11.5,US,2021-07-30 23:12:00
88,Manado,1.487,124.8455,77.77,94,20,1.14,ID,2021-07-30 23:08:41
89,Sinnamary,5.3833,-52.95,78.78,82,13,6.31,GF,2021-07-30 23:12:00
90,Lebedinyy,58.5167,125.5167,50.13,76,76,6.13,RU,2021-07-30 23:12:01
91,Teya,60.3778,92.6267,57.15,74,99,3.22,RU,2021-07-30 23:12:01
92,Mandalgovi,45.7625,106.2708,53.71,84,2,19.33,MN,2021-07-30 23:12:02
93,Portland,45.5234,-122.6762,104.52,31,12,7.96,US,2021-07-30 23:07:42
94,Buchanan,5.8808,-10.0467,78.76,86,35,8.57,LR,2021-07-30 23:12:02
95,Tual,-5.6667,132.75,80.73,81,89,17.67,ID,2021-07-30 23:12:02
96,Edson,53.5835,-116.4356,82.51,33,0,6.06,CA,2021-07-30 23:12:03
97,Jamestown,42.097,-79.2353,68.72,59,40,4.0,US,2021-07-30 23:07:51
98,Airai,-8.9266,125.4092,61.81,62,52,2.39,TL,2021-07-30 23:07:15
99,Ilulissat,69.2167,-51.1,59.02,38,73,10.36,GL,2021-07-30 23:12:03
100,Huron,41.1501,-82.5499,74.32,68,66,7.38,US,2021-07-30 23:12:03
101,Poum,-20.2333,164.0167,70.66,57,0,24.54,NC,2021-07-30 23:12:04
102,Sredniy Ikorets,51.0675,39.7584,68.13,87,66,4.72,RU,2021-07-30 23:12:04
103,Torbay,47.6666,-52.7314,61.29,83,97,13.85,CA,2021-07-30 23:12:04
104,Pevek,69.7008,170.3133,33.01,89,100,12.17,RU,2021-07-30 23:12:04
105,Muborak,39.2553,65.1528,76.19,24,13,15.01,UZ,2021-07-30 23:12:05
106,Yellowknife,62.456,-114.3525,74.28,53,95,10.0,CA,2021-07-30 23:11:01
107,Berlevag,70.8578,29.0864,45.63,89,76,10.04,NO,2021-07-30 23:12:05
108,Arraial Do Cabo,-22.9661,-42.0278,63.91,65,91,18.66,BR,2021-07-30 23:07:07
109,Cururupu,-1.8283,-44.8683,74.43,96,15,2.84,BR,2021-07-30 23:12:05
110,Medicine Hat,50.0501,-110.6683,91.22,23,9,5.01,CA,2021-07-30 23:11:44
111,Shingu,33.7333,135.9833,83.39,64,7,2.04,JP,2021-07-30 23:12:06
112,Cidreira,-30.1811,-50.2056,50.38,75,0,5.64,BR,2021-07-30 23:12:06
113,Hudson Bay,52.85,-102.3842,86.27,20,5,10.83,CA,2021-07-30 23:12:06
114,Dikson,73.5069,80.5464,43.29,98,98,7.56,RU,2021-07-30 23:12:06
115,Bredasdorp,-34.5322,20.0403,50.83,91,2,3.29,ZA,2021-07-30 23:12:07
116,Kaitangata,-46.2817,169.8464,54.93,83,97,4.81,NZ,2021-07-30 23:12:07
117,Abu Dhabi,24.4667,54.3667,93.22,79,37,3.44,AE,2021-07-30 23:09:41
118,Luderitz,-26.6481,15.1594,67.55,30,0,6.82,NA,2021-07-30 23:11:14
119,Longyearbyen,78.2186,15.6401,39.04,70,40,19.57,SJ,2021-07-30 23:12:07
120,Sur,22.5667,59.5289,90.39,55,98,16.71,OM,2021-07-30 23:12:08
121,Kayerkan,69.3497,87.7602,57.09,89,100,3.53,RU,2021-07-30 23:12:08
122,Hithadhoo,-0.6,73.0833,80.73,77,94,6.22,MV,2021-07-30 23:12:08
123,Puerto Carreno,6.189,-67.4859,78.55,84,41,6.85,CO,2021-07-30 23:12:08
124,Shelburne,44.0787,-80.2041,64.56,42,0,10.38,CA,2021-07-30 23:11:57
125,Tautira,-17.7333,-149.15,82.42,69,57,16.87,PF,2021-07-30 23:12:09
126,Barcelos,41.5388,-8.6151,66.29,87,62,8.28,PT,2021-07-30 23:12:09
127,Pangnirtung,66.1451,-65.7125,58.71,59,88,3.13,CA,2021-07-30 23:12:09
128,Kruisfontein,-34.0033,24.7314,50.54,78,6,5.39,ZA,2021-07-30 23:12:10
129,Santa Paula,34.3542,-119.0593,105.03,62,1,5.01,US,2021-07-30 23:12:10
130,Souillac,-20.5167,57.5167,66.36,64,60,15.84,MU,2021-07-30 23:12:10
131,Tiksi,71.6872,128.8694,47.62,75,51,7.78,RU,2021-07-30 23:12:10
132,Emilio Carranza,19.9711,-96.6114,84.36,70,53,8.03,MX,2021-07-30 23:12:11
133,Alofi,-19.0595,-169.9187,77.32,79,93,20.42,NU,2021-07-30 23:12:11
134,Cape Town,-33.9258,18.4232,53.28,92,0,5.75,ZA,2021-07-30 23:12:11
135,Healdsburg,38.6105,-122.8692,109.36,38,1,5.01,US,2021-07-30 23:11:02
136,Chillicothe,39.3331,-82.9824,83.52,51,1,5.01,US,2021-07-30 23:12:12
137,Ghanzi,-21.5667,21.7833,50.36,30,0,9.01,BW,2021-07-30 23:12:12
138,Jalu,29.0331,21.5482,86.5,28,10,8.34,LY,2021-07-30 23:12:12
139,Victoria,22.2855,114.1577,84.38,91,85,1.01,HK,2021-07-30 23:11:16
140,Arosa,46.7779,9.6762,49.86,91,98,0.78,CH,2021-07-30 23:12:13
141,Quatre Cocos,-20.2078,57.7625,66.09,65,60,16.8,MU,2021-07-30 23:12:13
142,Sioux Lookout,50.1001,-91.917,65.57,67,100,1.34,CA,2021-07-30 23:12:13
143,Zanjan,36.6736,48.4787,61.95,80,53,6.44,IR,2021-07-30 23:12:13
144,Bengkulu,-3.8004,102.2655,74.41,91,24,5.21,ID,2021-07-30 23:12:14
145,Pulandian,39.3953,121.9669,75.33,93,98,10.09,CN,2021-07-30 23:12:14
146,Aranos,-24.1333,19.1167,50.56,27,0,9.93,NA,2021-07-30 23:12:14
147,Tuatapere,-46.1333,167.6833,49.82,95,100,4.12,NZ,2021-07-30 23:09:17
148,Chuy,-33.6971,-53.4616,45.37,76,0,6.38,UY,2021-07-30 23:12:14
149,Yining,29.0361,114.5636,79.74,83,0,0.31,CN,2021-07-30 23:12:15
150,Tambovka,50.0969,128.0489,60.91,98,100,9.53,RU,2021-07-30 23:12:15
151,Touros,-5.1989,-35.4608,77.9,79,41,16.46,BR,2021-07-30 23:12:15
152,Fortuna,40.5982,-124.1573,61.72,80,20,16.11,US,2021-07-30 23:12:16
153,Laon,49.5667,3.6667,62.85,83,25,8.86,FR,2021-07-30 23:12:16
154,San Patricio,28.017,-97.5169,95.72,52,79,13.42,US,2021-07-30 23:12:16
155,Atherton,53.5237,-2.4935,59.43,95,100,1.99,GB,2021-07-30 23:12:16
156,Adilabad,19.6667,78.5333,75.29,76,100,14.5,IN,2021-07-30 23:12:17
157,Saint-Joseph,-21.3667,55.6167,66.58,74,45,15.26,RE,2021-07-30 23:12:17
158,Purpe,64.4803,76.6897,49.44,79,96,7.54,RU,2021-07-30 23:12:17
159,Bata,1.8639,9.7658,75.97,87,50,7.47,GQ,2021-07-30 23:12:18
160,Tadine,-21.55,167.8833,70.3,50,4,21.56,NC,2021-07-30 23:12:18
161,Isangel,-19.55,169.2667,72.7,60,93,17.56,VU,2021-07-30 23:12:18
162,Praia Da Vitoria,38.7333,-27.0667,72.75,82,9,6.62,PT,2021-07-30 23:12:18
163,Bilma,18.6853,12.9164,94.86,31,4,10.36,NE,2021-07-30 23:12:19
164,Pontes E Lacerda,-15.2261,-59.3353,65.71,29,1,4.85,BR,2021-07-30 23:12:19
165,Talnakh,69.4865,88.3972,58.5,90,100,6.33,RU,2021-07-30 23:12:19
166,Kaeo,-35.1,173.7833,62.33,84,100,17.25,NZ,2021-07-30 23:10:09
167,Beyneu,45.3167,55.2,81.95,15,9,8.77,KZ,2021-07-30 23:12:20
168,Sao Felix Do Xingu,-6.6447,-51.995,78.76,39,99,2.13,BR,2021-07-30 23:12:20
169,Acapulco,16.8634,-99.8901,87.62,62,75,4.61,MX,2021-07-30 23:12:20
170,Hasaki,35.7333,140.8333,79.29,77,2,12.15,JP,2021-07-30 23:09:19
171,Borogontsy,62.6683,131.1683,67.5,41,50,4.34,RU,2021-07-30 23:12:20
172,Nemuro,43.3236,145.575,68.18,96,88,6.6,JP,2021-07-30 23:12:21
173,Tsaratanana,-16.7833,47.65,64.69,72,2,12.53,MG,2021-07-30 23:12:21
174,Strezhevoy,60.7333,77.5889,51.78,89,48,6.71,RU,2021-07-30 23:12:21
175,Georgetown,5.4112,100.3354,76.95,92,20,0.0,MY,2021-07-30 23:12:22
176,Dongsheng,39.8161,109.9776,70.9,37,0,14.76,CN,2021-07-30 23:12:22
177,Yarmouth,41.7057,-70.2286,77.34,71,75,4.0,US,2021-07-30 23:12:22
178,Hobart,-42.8794,147.3294,55.26,77,75,1.99,AU,2021-07-30 23:12:00
179,Lagoa,39.05,-27.9833,70.56,86,7,5.91,PT,2021-07-30 23:10:38
180,Chapais,49.7834,-74.8492,50.29,77,99,10.27,CA,2021-07-30 23:12:23
181,Timbiqui,2.7717,-77.6654,78.73,88,96,3.36,CO,2021-07-30 23:12:23
182,Konosha,60.9736,40.257,57.45,96,100,2.44,RU,2021-07-30 23:12:23
183,Salalah,17.0151,54.0924,77.09,94,90,11.5,OM,2021-07-30 23:12:23
184,Avarua,-21.2078,-159.775,77.05,65,100,16.11,CK,2021-07-30 23:12:24
185,Orcopampa,-15.2661,-72.3417,47.82,48,16,4.68,PE,2021-07-30 23:12:24
186,Coruripe,-10.1256,-36.1756,73.18,81,3,8.32,BR,2021-07-30 23:12:24
187,Yar-Sale,66.8333,70.8333,47.23,95,100,16.51,RU,2021-07-30 23:09:52
188,Kavieng,-2.5744,150.7967,83.53,74,67,8.08,PG,2021-07-30 23:12:25
189,Kutum,14.2,24.6667,72.36,73,92,12.35,SD,2021-07-30 23:12:25
190,Turukhansk,65.8167,87.9833,56.52,89,98,7.74,RU,2021-07-30 23:12:25
191,Malanje,-9.5402,16.341,67.68,29,0,3.6,AO,2021-07-30 23:12:25
192,Jijiga,9.35,42.8,60.89,78,98,21.5,ET,2021-07-30 23:12:26
193,Kenai,60.5544,-151.2583,61.03,73,90,3.44,US,2021-07-30 23:12:26
194,Burnie,-41.0667,145.9167,52.66,91,100,14.05,AU,2021-07-30 23:12:26
195,Kununurra,-15.7667,128.7333,66.18,88,15,0.0,AU,2021-07-30 23:12:27
196,Lavrentiya,65.5833,-171.0,45.23,90,99,6.53,RU,2021-07-30 23:12:27
197,Moose Factory,51.2585,-80.6094,56.68,56,17,5.99,CA,2021-07-30 23:12:27
198,Littleton,39.6133,-105.0166,98.69,31,40,1.01,US,2021-07-30 23:10:00
199,Broome,42.2506,-75.833,66.69,65,1,4.0,US,2021-07-30 23:12:27
200,Kpandae,8.4689,-0.0113,76.35,80,99,4.83,GH,2021-07-30 23:12:28
201,Plouzane,48.3833,-4.6167,60.85,85,75,6.91,FR,2021-07-30 23:12:28
202,Bonavista,48.6499,-53.1147,64.11,74,100,14.2,CA,2021-07-30 23:12:28
203,Rawson,-43.3002,-65.1023,51.58,37,100,17.58,AR,2021-07-30 23:08:09
204,Kloulklubed,7.0419,134.2556,81.1,73,100,4.03,PW,2021-07-30 23:12:29
205,Novoilinsk,51.6829,108.7143,57.31,88,92,2.13,RU,2021-07-30 23:12:29
206,Vila Velha,-20.3297,-40.2925,67.95,60,75,10.36,BR,2021-07-30 23:10:42
207,Grindavik,63.8424,-22.4338,55.87,94,0,4.61,IS,2021-07-30 23:12:29
208,Ulladulla,-35.35,150.4667,56.88,40,96,5.08,AU,2021-07-30 23:12:30
209,Mount Gambier,-37.8333,140.7667,52.25,91,69,7.85,AU,2021-07-30 23:12:30
210,Victoria Point,-27.5833,153.3,66.09,75,1,4.34,AU,2021-07-30 23:12:30
211,Norman Wells,65.282,-126.8329,83.32,34,31,4.85,CA,2021-07-30 23:12:30
212,Vila Franca Do Campo,37.7167,-25.4333,70.21,88,11,5.48,PT,2021-07-30 23:12:31
213,Sorong,-0.8833,131.25,79.93,84,86,5.59,ID,2021-07-30 23:12:31
214,Vengerovo,55.6848,76.7471,61.39,44,95,14.63,RU,2021-07-30 23:12:31
215,Komsomolskiy,40.4272,71.7189,71.02,31,48,5.03,UZ,2021-07-30 23:12:31
216,Basco,20.4487,121.9702,83.37,86,100,26.31,PH,2021-07-30 23:12:32
217,Cardoso,-20.0819,-49.9142,59.58,15,23,7.31,BR,2021-07-30 23:12:32
218,Warrington,53.3925,-2.5802,60.01,94,40,3.0,GB,2021-07-30 23:12:32
219,Nishihara,26.1842,127.7558,83.48,95,75,6.91,JP,2021-07-30 23:10:02
220,Sao Joao Da Barra,-21.6403,-41.0511,62.02,63,25,15.59,BR,2021-07-30 23:12:33
221,Biltine,14.5333,20.9167,76.05,76,100,25.93,TD,2021-07-30 23:12:33
222,Nhulunbuy,-12.2333,136.7667,75.81,100,39,5.75,AU,2021-07-30 23:12:33
223,Aklavik,68.2191,-135.0107,73.94,42,89,17.34,CA,2021-07-30 23:12:33
224,Namibe,-15.1961,12.1522,67.39,82,36,5.1,AO,2021-07-30 23:12:34
225,Mnogovershinnyy,53.9353,139.9242,47.44,93,100,4.68,RU,2021-07-30 23:12:13
226,Constitucion,-35.3333,-72.4167,52.66,85,64,11.14,CL,2021-07-30 23:12:34
227,Pochutla,15.7432,-96.4661,89.82,64,88,5.86,MX,2021-07-30 23:12:34
228,Puqi,29.7167,113.8833,81.55,78,0,2.13,CN,2021-07-30 23:12:35
229,Thompson,55.7435,-97.8558,75.7,29,23,14.9,CA,2021-07-30 23:12:35
230,Nantucket,41.2835,-70.0995,76.03,73,90,8.05,US,2021-07-30 23:12:33
231,Fairbanks,64.8378,-147.7164,73.09,57,90,5.75,US,2021-07-30 23:12:35
232,Carman,49.4992,-98.0016,89.71,27,79,12.48,CA,2021-07-30 23:12:36
233,Ponta Do Sol,32.6667,-17.1,72.23,78,9,5.28,PT,2021-07-30 23:12:36
234,Noumea,-22.2763,166.4572,72.0,99,9,15.75,NC,2021-07-30 23:12:36
235,Labuhan,-6.8844,112.2051,76.05,84,4,5.57,ID,2021-07-30 23:12:36
236,Kushmurun,52.4503,64.6311,64.85,62,86,10.65,KZ,2021-07-30 23:12:37
237,Deputatskiy,69.3,139.9,63.37,35,76,12.86,RU,2021-07-30 23:12:37
238,Pauini,-7.7136,-66.9764,74.08,43,9,1.32,BR,2021-07-30 23:12:37
239,Port Moresby,-9.4431,147.1797,78.28,84,92,2.33,PG,2021-07-30 23:12:38
240,Klyuchi,52.2667,79.1667,57.29,52,15,5.64,RU,2021-07-30 23:12:38
241,Shenjiamen,29.9576,122.298,79.2,94,94,14.25,CN,2021-07-30 23:12:38
242,Tabuk,17.4189,121.4443,79.48,79,99,1.41,PH,2021-07-30 23:12:38
243,Teahupoo,-17.8333,-149.2667,76.96,69,68,16.11,PF,2021-07-30 23:12:39
244,Seddon,-37.8068,144.8916,57.31,61,20,24.16,AU,2021-07-30 23:12:39
245,Bandarbeyla,9.4942,50.8122,76.53,72,31,23.91,SO,2021-07-30 23:12:39
246,Dwarka,22.2394,68.9678,81.7,84,100,24.25,IN,2021-07-30 23:12:39
247,Nanortalik,60.1432,-45.2371,44.6,86,100,11.07,GL,2021-07-30 23:12:40
248,Mecca,21.4267,39.8261,88.7,25,85,2.86,SA,2021-07-30 23:08:14
249,Agirish,61.9247,63.0231,47.75,91,72,5.32,RU,2021-07-30 23:12:40
250,Awjilah,29.1081,21.2869,86.77,27,4,9.62,LY,2021-07-30 23:12:40
251,Dunedin,-45.8742,170.5036,53.8,73,97,5.99,NZ,2021-07-30 23:12:41
252,Kahului,20.8947,-156.47,87.96,66,40,26.46,US,2021-07-30 23:11:13
253,Jalalabad,34.4265,70.4515,84.78,68,16,3.56,AF,2021-07-30 23:12:41
254,San Rafael Del Sur,11.8485,-86.4384,87.3,57,23,11.72,NI,2021-07-30 23:12:41
255,Karwar,14.8,74.1333,78.08,85,100,13.8,IN,2021-07-30 23:12:42
256,Folkestone,51.0833,1.1833,61.05,98,33,8.01,GB,2021-07-30 23:12:42
257,Lyuban,52.7985,28.0048,62.4,76,82,5.68,BY,2021-07-30 23:12:42
258,Najran,17.4924,44.1277,85.32,35,93,7.16,SA,2021-07-30 23:12:43
259,Bathsheba,13.2167,-59.5167,83.01,78,40,14.97,BB,2021-07-30 23:12:43
260,Pisco,-13.7,-76.2167,62.65,77,40,18.41,PE,2021-07-30 23:12:43
261,Am Timan,11.0297,20.2827,75.25,88,100,2.64,TD,2021-07-30 23:09:13
262,Chor,25.5167,69.7667,83.25,72,95,18.52,PK,2021-07-30 23:12:43
263,Tilichiki,60.4667,166.1,53.83,47,6,17.31,RU,2021-07-30 23:12:44
264,Mahebourg,-20.4081,57.7,66.25,63,49,16.78,MU,2021-07-30 23:12:44
265,Nikolskoye,59.7035,30.7861,61.02,71,35,7.31,RU,2021-07-30 23:12:44
266,Krasnoselkup,65.7,82.4667,53.47,68,63,6.29,RU,2021-07-30 23:12:45
267,Muros,42.7762,-9.0603,64.24,80,41,8.88,ES,2021-07-30 23:12:45
268,Saint-Donat-De-Montcalm,46.3187,-74.2219,53.83,65,39,9.95,CA,2021-07-30 23:12:45
269,Padang,-0.9492,100.3543,76.15,84,72,3.65,ID,2021-07-30 23:10:00
270,Fare,-16.7,-151.0167,77.74,72,48,17.69,PF,2021-07-30 23:12:46
271,Qaqortoq,60.7167,-46.0333,61.3,86,100,3.87,GL,2021-07-30 23:12:46
272,Jennings,38.7192,-90.2604,87.19,62,75,1.01,US,2021-07-30 23:12:46
273,Halifax,44.6453,-63.5724,67.89,92,100,1.01,CA,2021-07-30 23:12:46
274,Mahon,39.8885,4.2658,77.56,83,75,3.44,ES,2021-07-30 23:12:47
275,Huilong,31.8111,121.655,77.72,93,100,5.61,CN,2021-07-30 23:12:47
276,San Quintin,30.4833,-115.95,75.6,66,8,10.27,MX,2021-07-30 23:12:47
277,Los Llanos De Aridane,28.6585,-17.9182,67.75,93,0,19.57,ES,2021-07-30 23:12:48
278,Tabas,33.5959,56.9244,82.53,25,0,4.16,IR,2021-07-30 23:12:48
279,Katsuura,35.1333,140.3,80.71,75,8,10.67,JP,2021-07-30 23:12:48
280,Santa Fe,-31.6333,-60.7,55.0,45,0,4.0,AR,2021-07-30 23:12:48
281,Okhotsk,59.3833,143.3,59.65,56,87,2.98,RU,2021-07-30 23:12:49
282,San Juan,-31.5375,-68.5364,57.04,18,0,6.08,AR,2021-07-30 23:12:49
283,Lagunas,-5.2269,-75.6753,73.35,70,85,2.08,PE,2021-07-30 23:12:49
284,Port Lincoln,-34.7333,135.8667,55.49,94,86,9.78,AU,2021-07-30 23:12:50
285,Landsberg,52.7368,15.2288,69.22,71,8,3.18,PL,2021-07-30 23:12:50
286,Numan,9.4667,12.0333,74.57,89,17,7.74,NG,2021-07-30 23:08:10
287,Aksu,41.1231,80.2644,77.54,31,99,6.67,CN,2021-07-30 23:09:06
288,Shimoda,34.6667,138.95,78.91,80,79,6.38,JP,2021-07-30 23:12:50
289,Srednekolymsk,67.45,153.6833,51.13,49,100,11.74,RU,2021-07-30 23:12:50
290,Lososina,48.9975,140.3106,62.56,87,100,10.54,RU,2021-07-30 23:12:51
291,Kem,64.9555,34.5793,51.01,99,99,3.83,RU,2021-07-30 23:12:51
292,Westport,41.1415,-73.3579,80.82,48,1,1.99,US,2021-07-30 23:12:51
293,Sept-Iles,50.2001,-66.3821,61.25,88,100,4.29,CA,2021-07-30 23:12:52
294,Haines Junction,60.7522,-137.5108,73.9,23,1,8.97,CA,2021-07-30 23:12:52
295,Bria,6.5423,21.9863,68.45,97,100,1.3,CF,2021-07-30 23:12:52
296,Pimentel,-6.8367,-79.9342,68.29,81,0,4.0,PE,2021-07-30 23:12:52
297,Megion,61.0296,76.1136,51.82,80,71,8.75,RU,2021-07-30 23:12:53
298,Ossora,59.2353,163.0719,57.15,52,31,6.98,RU,2021-07-30 23:12:53
299,Cayenne,4.9333,-52.3333,83.08,78,40,1.01,GF,2021-07-30 23:12:53
300,Damascus,33.5102,36.2913,72.36,43,0,0.74,SY,2021-07-30 23:12:54
301,Tazmalt,36.3868,4.3989,89.8,25,97,4.83,DZ,2021-07-30 23:12:54
302,Isla Mujeres,21.2311,-86.731,87.85,73,27,8.88,MX,2021-07-30 23:12:04
303,Saskylakh,71.9167,114.0833,76.91,38,11,8.05,RU,2021-07-30 23:12:54
304,Harwich,51.9419,1.2844,61.34,92,57,13.0,GB,2021-07-30 23:12:54
305,Rach Gia,10.0167,105.0833,80.55,82,100,14.45,VN,2021-07-30 23:12:55
306,Auki,-8.7676,160.7034,82.11,77,96,4.23,SB,2021-07-30 23:12:55
307,San-Pedro,4.7485,-6.6363,74.95,89,8,5.44,CI,2021-07-30 23:12:55
308,Huainan,32.6264,116.9969,80.01,87,1,4.29,CN,2021-07-30 23:12:56
309,Sokolac,43.9397,18.8017,64.58,79,1,3.13,BA,2021-07-30 23:12:56
310,Santarem,-2.4431,-54.7083,75.33,94,40,2.3,BR,2021-07-30 23:12:56
311,Zhangjiakou,40.81,114.8794,72.81,73,0,1.05,CN,2021-07-30 23:12:25
312,Chisinau,47.0056,28.8575,68.43,94,0,3.44,MD,2021-07-30 23:12:57
313,Nsunga,-1.1439,31.3947,62.85,62,66,2.46,TZ,2021-07-30 23:12:57
314,Saldanha,-33.0117,17.9442,55.29,83,2,7.67,ZA,2021-07-30 23:12:57
315,Nabire,-3.3667,135.4833,77.61,86,98,3.83,ID,2021-07-30 23:12:57
316,East London,-33.0153,27.9116,58.51,65,7,5.57,ZA,2021-07-30 23:12:58
317,Itarema,-2.9248,-39.9167,79.21,82,62,13.27,BR,2021-07-30 23:11:26
318,Novobiryusinskiy,56.9578,97.7076,56.46,90,79,1.21,RU,2021-07-30 23:12:58
319,Velikooktyabrskiy,57.4333,33.8159,59.45,80,83,7.63,RU,2021-07-30 23:12:58
320,Benito Juarez,19.385,-99.165,66.02,80,90,1.99,MX,2021-07-30 23:09:29
321,Antofagasta,-23.65,-70.4,56.48,87,43,6.31,CL,2021-07-30 23:10:48
322,Klaksvik,62.2266,-6.589,47.32,81,100,18.39,FO,2021-07-30 23:12:59
323,Flin Flon,54.7682,-101.865,78.76,29,74,11.74,CA,2021-07-30 23:10:37
324,Rio Verde De Mato Grosso,-18.9181,-54.8442,64.89,17,4,5.64,BR,2021-07-30 23:12:59
325,Kibaya,-5.3,36.5667,51.94,72,34,4.09,TZ,2021-07-30 23:12:59
326,Petauke,-14.2426,31.3253,59.65,52,1,15.14,ZM,2021-07-30 23:13:00
327,Port Hardy,50.6996,-127.4199,66.99,79,54,9.28,CA,2021-07-30 23:13:00
328,Xinmin,41.9908,122.8253,78.3,94,97,9.08,CN,2021-07-30 23:13:00
329,College,64.8569,-147.8028,71.55,56,75,9.22,US,2021-07-30 23:11:46
330,Tasiilaq,65.6145,-37.6368,48.36,79,21,2.21,GL,2021-07-30 23:13:00
331,Plettenberg Bay,-34.0527,23.3716,56.26,66,0,0.22,ZA,2021-07-30 23:13:01
332,Male,4.1748,73.5089,82.06,72,93,7.4,MV,2021-07-30 23:13:01
333,Mehamn,71.0357,27.8492,46.13,85,99,8.12,NO,2021-07-30 23:13:01
334,Fuerte Olimpo,-21.0415,-57.8738,60.28,18,90,2.24,PY,2021-07-30 23:13:02
335,Alice Springs,-23.7,133.8833,60.35,36,0,0.0,AU,2021-07-30 23:08:38
336,Avera,33.194,-82.5271,94.91,42,16,5.17,US,2021-07-30 23:13:02
337,Osypenko,46.9136,36.8253,76.84,79,83,5.48,UA,2021-07-30 23:13:02
338,Longyan,25.1072,117.0225,77.36,96,84,1.77,CN,2021-07-30 23:13:03
339,Yaring,6.8662,101.3689,78.57,80,100,8.08,TH,2021-07-30 23:13:03
340,Waingapu,-9.6567,120.2641,73.72,78,10,6.22,ID,2021-07-30 23:13:03
341,Marsh Harbour,26.5412,-77.0636,84.67,69,15,11.16,BS,2021-07-30 23:13:03
342,Golden,39.7555,-105.2211,97.45,32,75,3.0,US,2021-07-30 23:13:04
343,Ixtapa,20.7,-105.2,87.22,74,90,9.22,MX,2021-07-30 23:13:04
344,Jumla,29.2747,82.1838,61.25,99,100,0.87,NP,2021-07-30 23:13:04
345,Husavik,66.0449,-17.3389,50.54,71,3,1.52,IS,2021-07-30 23:13:05
346,Tazovskiy,67.4667,78.7,47.84,81,9,8.19,RU,2021-07-30 23:13:05
347,Cosamaloapan,18.3667,-95.8,84.33,76,40,6.4,MX,2021-07-30 23:13:05
348,Sulphur,30.2366,-93.3774,94.96,56,40,4.61,US,2021-07-30 23:13:06
349,Wilmington,34.2257,-77.9447,89.51,77,1,10.36,US,2021-07-30 23:10:08
350,Marystown,47.1666,-55.1483,62.85,100,100,5.01,CA,2021-07-30 23:13:06
351,Bedele,8.456,36.353,55.2,98,100,0.54,ET,2021-07-30 23:13:06
352,Maragogi,-9.0122,-35.2225,74.17,85,65,9.15,BR,2021-07-30 23:13:07
353,Necochea,-38.5473,-58.7368,49.03,52,0,15.73,AR,2021-07-30 23:13:07
354,Grajau,-5.8194,-46.1386,79.7,61,77,2.8,BR,2021-07-30 23:13:07
355,Carnarvon,-24.8667,113.6333,63.46,57,85,21.43,AU,2021-07-30 23:13:07
356,Atyrau,47.1167,51.8833,64.42,68,0,4.47,KZ,2021-07-30 23:13:08
357,Svetlogorsk,52.6333,29.7333,67.86,63,90,4.36,BY,2021-07-30 23:13:08
358,Salinopolis,-0.6136,-47.3561,79.2,82,11,8.61,BR,2021-07-30 23:13:08
359,Fereydunshahr,32.941,50.121,61.77,39,49,6.4,IR,2021-07-30 23:13:09
360,Ahipara,-35.1667,173.1667,58.33,86,100,16.2,NZ,2021-07-30 23:13:09
361,Saint-Augustin,51.226,-58.6502,58.64,78,100,11.7,CA,2021-07-30 23:13:09
362,Valparaiso,-33.0393,-71.6273,51.48,84,90,8.05,CL,2021-07-30 23:08:19
363,Kutina,45.475,16.7819,73.38,58,1,3.38,HR,2021-07-30 23:13:10
364,Buala,-8.145,159.5921,83.8,71,83,4.61,SB,2021-07-30 23:13:10
365,Lata,40.1629,-8.3327,63.05,97,17,4.63,PT,2021-07-30 23:13:10
366,Sayyan,15.1718,44.3244,63.9,63,94,6.85,YE,2021-07-30 23:13:11
367,Ancud,-41.8697,-73.8203,42.33,78,4,7.2,CL,2021-07-30 23:13:11
368,Monsenhor Gil,-5.5642,-42.6078,85.19,37,78,2.59,BR,2021-07-30 23:11:12
369,Surajgarh,28.3124,75.7347,83.43,76,82,5.32,IN,2021-07-30 23:13:11
370,Norrtalje,59.758,18.705,64.02,81,8,5.41,SE,2021-07-30 23:13:11
371,Beringovskiy,63.05,179.3167,42.73,77,94,16.62,RU,2021-07-30 23:13:12
372,Bubaque,11.2833,-15.8333,79.0,85,99,20.18,GW,2021-07-30 23:13:12
373,Port-Gentil,-0.7193,8.7815,76.6,77,15,15.48,GA,2021-07-30 23:13:12
374,Karratha,-20.7377,116.8463,66.58,72,69,9.57,AU,2021-07-30 23:13:13
375,Concordia,-31.393,-58.0209,49.78,72,0,4.0,AR,2021-07-30 23:13:13
376,Felipe Carrillo Puerto,19.5833,-88.05,84.29,69,100,5.66,MX,2021-07-30 23:13:13
377,Beneditinos,-5.45,-42.3667,85.33,40,91,4.47,BR,2021-07-30 23:13:13
378,Verkhnevilyuysk,63.4453,120.3167,65.25,47,8,1.43,RU,2021-07-30 23:13:14
379,Matata,-37.8833,176.75,62.13,77,95,8.55,NZ,2021-07-30 23:13:14
380,Krumovgrad,41.4667,25.65,76.44,42,2,1.45,BG,2021-07-30 23:13:14
381,Axim,4.8699,-2.2405,76.06,88,78,6.62,GH,2021-07-30 23:13:15
382,Anadyr,64.75,177.4833,45.1,70,75,13.0,RU,2021-07-30 23:13:15
383,Lesnoy,57.6198,63.0784,56.61,97,66,7.87,RU,2021-07-30 23:13:15
384,Tiznit,29.5833,-9.5,80.51,43,11,2.48,MA,2021-07-30 23:13:15
385,Caxito,-8.5785,13.6643,70.45,92,0,2.17,AO,2021-07-30 23:13:16
386,Waitati,-45.75,170.5667,53.8,73,96,3.33,NZ,2021-07-30 23:13:16
387,Egvekinot,66.3167,-179.1667,36.37,94,100,4.94,RU,2021-07-30 23:13:16
388,Sola,-13.8833,167.55,78.37,75,84,17.11,VU,2021-07-30 23:13:16
389,Cherskiy,68.75,161.3,36.66,94,100,7.4,RU,2021-07-30 23:13:17
390,Dondo,-19.6094,34.7431,65.28,91,29,5.59,MZ,2021-07-30 23:13:17
391,Palmares Do Sul,-30.2578,-50.5097,47.44,80,0,5.59,BR,2021-07-30 23:13:17
392,Pontianak,-0.0333,109.3333,76.98,100,40,0.0,ID,2021-07-30 23:13:18
393,Genhe,50.7833,121.5167,57.81,98,100,9.13,CN,2021-07-30 23:13:18
394,Cartagena,10.3997,-75.5144,85.62,74,40,12.66,CO,2021-07-30 23:13:18
395,Oranjemund,-28.55,16.4333,65.07,36,0,4.34,NA,2021-07-30 23:13:18
396,Mannheim,49.4883,8.4647,68.97,67,3,7.29,DE,2021-07-30 23:13:19
397,Yeppoon,-23.1333,150.7333,65.98,70,3,9.95,AU,2021-07-30 23:13:19
398,Vestmannaeyjar,63.4427,-20.2734,55.13,92,55,8.61,IS,2021-07-30 23:13:19
399,Te Anau,-45.4167,167.7167,45.32,95,100,2.77,NZ,2021-07-30 23:13:19
400,Antalaha,-14.9003,50.2788,66.07,91,42,7.63,MG,2021-07-30 23:13:20
401,Goderich,43.7501,-81.7165,64.9,62,0,12.97,CA,2021-07-30 23:13:20
402,Marand,38.4329,45.7749,70.14,49,89,4.94,IR,2021-07-30 23:13:20
403,Dodoma,-6.1722,35.7395,61.79,49,22,6.78,TZ,2021-07-30 23:13:21
404,Gombong,-7.6072,109.5142,72.82,93,50,4.07,ID,2021-07-30 23:13:21
405,San Lorenzo,-25.3333,-57.5333,54.54,50,0,5.75,PY,2021-07-30 23:13:21
406,Khandyga,62.6667,135.6,65.16,42,18,1.1,RU,2021-07-30 23:13:21
407,Seoul,37.5683,126.9778,81.91,83,90,3.69,KR,2021-07-30 23:11:21
408,Sobolevo,54.4299,31.8996,61.9,73,74,7.74,RU,2021-07-30 23:11:57
409,Havre-Saint-Pierre,50.2334,-63.5986,57.06,93,99,11.5,CA,2021-07-30 23:13:22
410,Sompeta,18.9333,84.6,81.37,77,100,7.18,IN,2021-07-30 23:13:22
411,Brigantine,39.4101,-74.3646,84.49,63,20,9.22,US,2021-07-30 23:13:22
412,Ndago,-4.6,34.35,61.63,48,14,16.17,TZ,2021-07-30 23:13:22
413,Kiruna,67.8557,20.2251,50.92,87,90,0.0,SE,2021-07-30 23:13:23
414,Nuuk,64.1835,-51.7216,54.21,71,92,3.44,GL,2021-07-30 23:10:18
415,Coquimbo,-29.9533,-71.3436,49.73,87,20,5.75,CL,2021-07-30 23:13:16
416,Villa Rica,33.7321,-84.9191,91.38,78,86,7.05,US,2021-07-30 23:11:24
417,Telimele,10.9167,-13.3333,70.21,99,100,2.82,GN,2021-07-30 23:13:23
418,Port Macquarie,-31.4333,152.9167,54.9,50,0,7.29,AU,2021-07-30 23:10:22
419,Mount Isa,-20.7333,139.5,64.17,39,4,3.44,AU,2021-07-30 23:13:24
420,Sovetskiy,61.3614,63.5842,51.73,90,32,4.34,RU,2021-07-30 23:13:24
421,Naron,43.5167,-8.1528,63.01,74,95,6.13,ES,2021-07-30 23:13:24
422,Mundo Nuevo,18.7,-95.5,84.07,75,42,11.54,MX,2021-07-30 23:13:24
423,Svetlyy,54.675,20.1347,60.85,65,1,15.52,RU,2021-07-30 23:13:25
424,Kondinskoye,59.6481,67.41,54.64,98,100,5.86,RU,2021-07-30 23:13:25
425,Uyar,55.81,94.3153,55.42,81,93,1.79,RU,2021-07-30 23:13:25
426,Ettlingen,48.9409,8.4076,68.58,92,18,5.88,DE,2021-07-30 23:13:25
427,Praia,14.9215,-23.5087,77.54,83,75,12.66,CV,2021-07-30 23:13:26
428,Puerto Rico,-26.796,-55.024,46.81,68,0,2.13,AR,2021-07-30 23:13:26
429,Grootfontein,-19.5667,18.1167,51.21,27,0,7.7,NA,2021-07-30 23:13:26
430,Camacha,33.0833,-16.3333,69.22,78,75,10.36,PT,2021-07-30 23:13:26
431,Ginda,30.6945,78.4932,67.08,84,100,2.73,IN,2021-07-30 23:13:27
432,Wangqing,43.3218,129.7634,76.89,84,91,6.8,CN,2021-07-30 23:13:27
433,Vitina,43.2375,17.4839,72.57,47,0,2.39,BA,2021-07-30 23:13:01
434,Orumiyeh,37.5527,45.0761,71.15,53,75,4.61,IR,2021-07-30 23:13:27
435,Botwood,49.1499,-55.3482,64.9,63,100,10.42,CA,2021-07-30 23:13:28
436,Krasnotorka,48.682,37.5327,67.28,92,93,2.82,UA,2021-07-30 23:13:28
437,Atar,20.5169,-13.0499,97.65,18,36,6.24,MR,2021-07-30 23:13:28
438,Jiazi,22.8779,116.067,82.83,83,99,13.33,CN,2021-07-30 23:13:28
439,Zabol,32.25,67.25,72.64,23,1,9.37,AF,2021-07-30 23:13:29
440,Margate,51.3813,1.3862,61.03,78,64,5.01,GB,2021-07-30 23:09:48
441,Half Moon Bay,37.4636,-122.4286,98.74,64,1,1.01,US,2021-07-30 23:09:28
442,Sakakah,29.9697,40.2064,87.69,14,0,8.12,SA,2021-07-30 23:13:29
443,Huayucachi,-12.1333,-75.2333,54.97,65,35,6.91,PE,2021-07-30 23:13:29
444,Anchorage,61.2181,-149.9003,63.0,82,90,3.44,US,2021-07-30 23:08:48
445,La Orilla,17.9833,-102.2333,84.79,71,81,7.11,MX,2021-07-30 23:13:30
446,Cockburn Town,21.4612,-71.1419,82.53,84,0,18.75,TC,2021-07-30 23:13:30
447,Bastos,-21.9219,-50.7339,52.84,24,100,8.9,BR,2021-07-30 23:13:30
448,Ocos,14.5094,-92.1933,89.78,72,100,6.49,GT,2021-07-30 23:13:31
449,Oksfjord,70.2396,22.3479,51.87,93,100,4.0,NO,2021-07-30 23:13:31
450,The Valley,18.217,-63.0578,84.34,79,75,13.8,AI,2021-07-30 23:13:29
451,Launceston,-41.45,147.1667,53.24,81,90,13.0,AU,2021-07-30 23:13:31
452,Salta,-24.7859,-65.4117,51.58,46,0,1.99,AR,2021-07-30 23:09:14
453,Asau,46.4333,26.4,68.4,78,1,4.03,RO,2021-07-30 23:13:32
454,Ola,59.5833,151.2833,53.87,53,73,8.23,RU,2021-07-30 23:13:32
455,Point Pedro,9.8167,80.2333,82.33,79,4,17.58,LK,2021-07-30 23:13:32
456,Guerrero Negro,27.9769,-114.0611,80.33,59,13,17.67,MX,2021-07-30 23:13:32
457,Pascagoula,30.3658,-88.5561,93.33,71,20,4.61,US,2021-07-30 23:13:33
458,Pinega,64.7001,43.3936,53.19,97,100,3.42,RU,2021-07-30 23:13:33
459,Jabinyanah,35.035,10.9081,86.72,48,2,12.1,TN,2021-07-30 23:13:33
460,Codrington,-38.2667,141.9667,51.84,80,57,14.0,AU,2021-07-30 23:13:33
461,Juruti,-2.1522,-56.0922,73.8,95,99,4.09,BR,2021-07-30 23:13:34
462,Bambanglipuro,-7.95,110.2833,75.97,88,63,8.61,ID,2021-07-30 23:13:34
463,Luba,3.4568,8.5547,77.29,83,79,7.34,GQ,2021-07-30 23:13:34
464,Vao,-22.6667,167.4833,67.59,55,1,24.58,NC,2021-07-30 23:13:35
465,Zhengjiatun,43.5064,123.5064,76.53,88,33,7.34,CN,2021-07-30 23:13:35
466,Columbus,39.9612,-82.9988,81.12,57,20,1.99,US,2021-07-30 23:11:36
467,Skibbereen,51.55,-9.2667,58.8,85,78,12.37,IE,2021-07-30 23:13:35
468,Kurilsk,45.2333,147.8833,71.33,81,62,3.33,RU,2021-07-30 23:13:35
469,Aden,12.7794,45.0367,81.55,76,57,6.96,YE,2021-07-30 23:13:36
470,Vila,42.0304,-8.1588,55.71,78,95,4.7,PT,2021-07-30 23:13:36
471,Kamogawa,35.1,140.1,83.01,74,6,8.37,JP,2021-07-30 23:13:36
472,Dodge City,37.7528,-100.0171,98.85,34,40,8.01,US,2021-07-30 23:13:37
473,Kindu,-2.95,25.95,74.26,39,50,3.0,CD,2021-07-30 23:13:37
474,Williston,48.147,-103.618,93.92,36,1,4.0,US,2021-07-30 23:10:01
475,Usinsk,65.9939,57.5281,41.74,86,57,4.09,RU,2021-07-30 23:13:37
476,Hay River,60.8156,-115.7999,73.26,44,16,5.79,CA,2021-07-30 23:13:38
477,New Iberia,30.0035,-91.8187,96.98,62,1,10.36,US,2021-07-30 23:13:38
478,Naze,28.3667,129.4833,78.96,80,99,2.13,JP,2021-07-30 23:13:38
479,Soyo,-6.1349,12.3689,71.11,87,0,4.72,AO,2021-07-30 23:13:38
480,Tianpeng,30.9866,103.9393,73.74,63,91,4.43,CN,2021-07-30 23:13:39
481,Sitka,57.0531,-135.33,67.89,64,40,6.91,US,2021-07-30 23:13:40
482,Zhuzhou,27.8333,113.15,81.63,78,30,3.02,CN,2021-07-30 23:13:40
483,Sucua,-2.4667,-78.1667,63.68,99,100,0.67,EC,2021-07-30 23:13:40
484,Jiaonan,35.8786,119.9753,78.03,85,0,4.32,CN,2021-07-30 23:13:40
485,Ampanihy,-24.7,44.75,63.75,81,0,5.35,MG,2021-07-30 23:13:41
486,Surt,31.2089,16.5887,81.84,71,0,5.73,LY,2021-07-30 23:13:41
487,Sorland,67.667,12.6934,49.59,82,100,27.02,NO,2021-07-30 23:13:41
488,Araouane,18.9048,-3.5265,96.6,28,37,10.45,ML,2021-07-30 23:13:42
489,Atasu,48.6814,71.6433,62.74,41,4,3.15,KZ,2021-07-30 23:13:42
490,Pereira Barreto,-20.6383,-51.1092,57.2,21,63,6.96,BR,2021-07-30 23:13:42
491,Ibra,22.6906,58.5334,84.22,58,79,5.99,OM,2021-07-30 23:13:42
492,Kharp,66.8014,65.8081,46.45,94,92,5.91,RU,2021-07-30 23:13:43
493,Natal,-5.795,-35.2094,77.65,73,20,5.75,BR,2021-07-30 23:13:43
494,Xingcheng,40.6167,120.7167,74.48,90,96,3.87,CN,2021-07-30 23:13:43
495,Maniitsoq,65.4167,-52.9,47.88,81,77,8.7,GL,2021-07-30 23:13:43
496,Goma,-1.6792,29.2228,64.99,64,79,2.15,CD,2021-07-30 23:13:44
497,Shellbrook,53.2168,-106.4011,87.49,19,5,13.44,CA,2021-07-30 23:11:17
498,Roald,62.5833,6.1333,56.91,71,90,6.91,NO,2021-07-30 23:13:44
499,Enid,36.3956,-97.8784,102.15,37,1,5.01,US,2021-07-30 23:13:44
500,Cubuk,40.2386,33.0322,73.15,56,0,8.05,TR,2021-07-30 23:13:45
501,Dzaoudzi,-12.7887,45.2699,78.69,69,0,14.97,YT,2021-07-30 23:13:45
502,Bar Harbor,44.3876,-68.2039,68.45,68,20,11.01,US,2021-07-30 23:10:20
503,Lobez,53.6392,15.6213,64.31,73,9,5.88,PL,2021-07-30 23:13:45
504,Qui Nhon,13.7667,109.2333,84.34,67,87,11.56,VN,2021-07-30 23:13:45
505,Lismore,-28.8135,153.2773,58.71,78,0,2.73,AU,2021-07-30 23:13:46
506,Eureka,40.8021,-124.1637,61.99,77,69,3.0,US,2021-07-30 23:12:36
507,Rawah,34.4816,41.9093,97.38,16,48,15.64,IQ,2021-07-30 23:13:46
508,Anupgarh,29.1911,73.2086,94.53,48,1,4.74,IN,2021-07-30 23:13:47
509,Oranienburg,52.75,13.2333,72.09,65,83,6.91,DE,2021-07-30 23:13:47
510,Khuzhir,53.1939,107.3397,54.61,95,91,7.05,RU,2021-07-30 23:13:47
511,Conakry,9.538,-13.6773,75.56,96,100,10.51,GN,2021-07-30 23:13:47
512,Ahuimanu,21.4447,-157.8378,89.31,57,40,14.97,US,2021-07-30 23:13:48
513,Erdaojiang,41.7764,126.0319,77.65,77,92,2.28,CN,2021-07-30 23:13:48
514,Ust-Omchug,61.15,149.6333,47.95,56,31,6.4,RU,2021-07-30 23:13:48
515,Ponta Delgada,37.7333,-25.6667,70.52,88,20,4.61,PT,2021-07-30 23:11:05
516,Saint-Jean-De-Maurienne,45.1667,6.5833,51.76,85,64,2.8,FR,2021-07-30 23:13:49
517,Sao Filipe,14.8961,-24.4956,76.05,84,61,7.23,CV,2021-07-30 23:13:49
518,Tirumullaivasal,11.2333,79.8333,81.57,66,8,12.5,IN,2021-07-30 23:13:49
519,La Ronge,55.1001,-105.2842,74.46,38,69,8.95,CA,2021-07-30 23:13:49
520,Kraskino,42.7114,130.7794,76.89,93,94,9.15,RU,2021-07-30 23:13:50
521,Sosnovoborsk,56.1325,93.3589,56.75,80,100,2.39,RU,2021-07-30 23:13:50
522,Pacific Grove,36.6177,-121.9166,93.81,76,1,1.99,US,2021-07-30 23:11:04
523,Lae,-6.7221,146.9847,76.01,91,100,5.88,PG,2021-07-30 23:13:50
524,Chiang Kham,19.5233,100.3,78.06,97,99,2.84,TH,2021-07-30 23:13:50
525,Zigong,29.3416,104.7769,79.0,81,99,0.49,CN,2021-07-30 23:13:51
526,Puerto Escondido,15.85,-97.0667,86.83,62,75,4.61,MX,2021-07-30 23:13:51
527,Chara,56.9064,118.2631,59.72,54,53,1.54,RU,2021-07-30 23:13:51
528,Warrnambool,-38.3833,142.4833,53.82,72,77,15.88,AU,2021-07-30 23:13:52
529,Nalut,30.3333,10.85,85.1,14,0,8.5,LY,2021-07-30 23:13:52
530,Tungor,53.3808,142.9564,53.22,79,100,10.27,RU,2021-07-30 23:13:52
531,Mersing,2.4312,103.8405,77.79,82,95,5.19,MY,2021-07-30 23:13:52
532,San Ignacio,17.1561,-89.0714,86.14,79,75,0.0,BZ,2021-07-30 23:13:53
533,Sabang,5.8933,95.3214,81.95,76,98,22.66,ID,2021-07-30 23:13:53
534,Quelimane,-17.8786,36.8883,65.34,95,2,4.27,MZ,2021-07-30 23:13:53
535,Akdagmadeni,39.6603,35.8836,55.42,86,0,4.32,TR,2021-07-30 23:13:54
536,Gladstone,-23.85,151.25,69.78,72,90,3.44,AU,2021-07-30 23:13:54
537,Murdochville,48.9583,-65.5006,52.83,98,100,2.57,CA,2021-07-30 23:13:54
538,Great Yarmouth,52.6083,1.7305,59.45,90,78,19.8,GB,2021-07-30 23:13:54
539,Shimanovsk,52.0,127.7,56.26,80,100,9.55,RU,2021-07-30 23:13:55
540,Ulaanbaatar,47.9077,106.8832,55.53,82,75,6.71,MN,2021-07-30 23:13:55
541,Maceio,-9.6658,-35.7353,76.44,83,20,5.75,BR,2021-07-30 23:09:44
542,Povazska Bystrica,49.1215,18.4217,70.23,94,0,1.14,SK,2021-07-30 23:13:55
543,Sawakin,19.1059,37.3321,92.7,45,82,17.74,SD,2021-07-30 23:13:55
544,Warmbad,-28.45,18.7333,57.79,22,0,10.4,NA,2021-07-30 23:13:56
545,Rabo De Peixe,37.8,-25.5833,69.31,88,20,4.61,PT,2021-07-30 23:13:56
546,Puerto El Triunfo,13.2833,-88.55,92.26,62,26,5.86,SV,2021-07-30 23:13:56
547,Sidi Bin Nur,35.5333,10.9167,82.31,30,4,10.98,TN,2021-07-30 23:09:11
548,Parana,-31.732,-60.5238,54.55,47,0,8.34,AR,2021-07-30 23:13:57
549,Chinhoyi,-17.3667,30.2,54.19,57,17,6.4,ZW,2021-07-30 23:13:57
550,Taos,36.4072,-105.5731,70.2,59,90,1.99,US,2021-07-30 23:11:18
551,Akdepe,42.0551,59.3788,75.29,22,33,7.31,TM,2021-07-30 23:13:57
552,Enshi,30.3,109.4833,73.04,90,5,1.36,CN,2021-07-30 23:13:58
553,Arinos,-15.9169,-46.1056,69.55,28,4,3.65,BR,2021-07-30 23:13:58
554,Udachnyy,66.4167,112.4,69.78,37,0,4.74,RU,2021-07-30 23:13:58
555,Bonthe,7.5264,-12.505,76.42,87,100,7.58,SL,2021-07-30 23:13:58
556,Jasper,37.2001,-94.3502,95.85,50,1,1.01,US,2021-07-30 23:13:59
557,Stykkisholmur,65.0757,-22.7297,57.0,81,100,5.01,IS,2021-07-30 23:13:59
